aa,codon,count,frequency(%)
*,UAA,12191,36.58
*,UAG,8111,24.33
*,UGA,13029,39.09
A,GCA,261162,34.37
A,GCC,107724,14.18
A,GCG,60791,8
A,GCU,330134,43.45
C,UGC,85686,36.81
C,UGU,147090,63.19
D,GAC,169878,26.61
D,GAU,468491,73.39
E,GAA,444037,58.04
E,GAG,321010,41.96
F,UUC,201116,38.06
F,UUU,327329,61.94
G,GGA,273137,35.82
G,GGC,107501,14.1
G,GGG,129659,17
G,GGU,252266,33.08
H,CAC,91350,31.1
H,CAU,202416,68.9
I,AUA,191917,27.48
I,AUC,161348,23.1
I,AUU,345085,49.41
K,AAA,405737,52.63
K,AAG,365167,47.37
L,CUA,130409,11.13
L,CUC,129475,11.05
L,CUG,129693,11.07
L,CUN,1,0
L,CUU,294981,25.17
L,UUA,191738,16.36
L,UUG,295715,25.23
M,AUG,306455,100
N,AAC,193717,33.68
N,AAU,381414,66.32
P,CCA,219374,38.35
P,CCC,70189,12.27
P,CCG,56984,9.96
P,CCU,225466,39.42
Q,CAA,268708,60.53
Q,CAG,175197,39.47
R,AGA,216250,35.1
R,AGG,150466,24.42
R,CGA,73752,11.97
R,CGC,42237,6.86
R,CGG,46285,7.51
R,CGU,87149,14.14
S,AGC,119027,11.02
S,AGU,205692,19.04
S,UCA,273440,25.31
S,UCC,121540,11.25
S,UCG,74894,6.93
S,UCU,285895,26.46
T,ACA,219898,36.08
T,ACC,98444,16.15
T,ACG,58123,9.54
T,ACU,233024,38.23
V,GUA,148517,18.8
V,GUC,116861,14.79
V,GUG,191344,24.22
V,GUN,2,0
V,GUU,333352,42.19
W,UGG,155479,100
X,AAN,1,0.28
X,AGN,1,0.28
X,NAC,1,0.28
X,NGA,1,0.28
X,NNA,1,0.28
X,NNC,1,0.28
X,NNN,343,97.44
X,NNU,1,0.28
X,UNN,2,0.57
Y,UAC,129326,35.86
Y,UAU,231362,64.14
